Date,Actual,LSTM,GRU,ARIMA,RF,Transformer,Meta
2024-10-19,0.6316747450313029,0.6467945128679276,0.6468293070793152,0.6481470458048643,0.6382732925591514,0.6379877179861069,0.6598578
2024-10-20,0.6618135381771353,0.6375074684619904,0.6364814043045044,0.6481470458048643,0.641688803730431,0.6322842836380005,0.62671876
2024-10-21,0.6439816636012503,0.6436960697174072,0.6426941007375717,0.6481470458048643,0.6502828550967525,0.6369327753782272,0.6185718
2024-10-22,0.5901832663400679,0.6421106904745102,0.6397033780813217,0.6481470458048643,0.6261429499768634,0.6342015862464905,0.6275845
2024-10-23,0.6285029073510708,0.6332643926143646,0.6321800500154495,0.6481470458048643,0.6232830481505829,0.6291432231664658,0.6417809
2024-10-24,0.6837737470657062,0.6414331644773483,0.6405415236949921,0.6481470458048643,0.6448180648959054,0.6315242350101471,0.62882406
2024-10-25,0.6385150738926957,0.648281916975975,0.6455775648355484,0.6481470458048643,0.6448053566203932,0.64008529484272,0.6398464
2024-10-26,0.5976352445988771,0.636404499411583,0.6344403773546219,0.6481470458048643,0.6510328802329155,0.6331236362457275,0.6108006
2024-10-27,0.668759156430627,0.6345019191503525,0.6332342624664307,0.6481470458048643,0.6540459200571528,0.6291365772485733,0.65398526
2024-10-28,0.7010714605067294,0.6493275463581085,0.6473767012357712,0.6481470458048643,0.6559772392954584,0.6367806494235992,0.6401862
2024-10-29,0.7388492242141346,0.6472565233707428,0.645436480641365,0.6481470458048643,0.6755777321363555,0.6417339593172073,0.63496596
2024-10-30,0.6216486038839236,0.6494105756282806,0.6480896770954132,0.6481470458048643,0.6600951704372063,0.646671786904335,0.6313388
2024-10-31,0.6338647284119235,0.6356162428855896,0.6338077783584595,0.6481470458048643,0.6431301393966292,0.6310962736606598,0.6374394
2024-11-01,0.6088239400397557,0.6421810686588287,0.6430011540651321,0.6481470458048643,0.6382390713404555,0.6325058937072754,0.6450856
2024-11-02,0.5907713084546472,0.639630138874054,0.6387681812047958,0.6481470458048643,0.6235647704056789,0.629951149225235,0.64512867
2024-11-03,0.6256465209263955,0.6335344761610031,0.6333467364311218,0.6481470458048643,0.6264518790726206,0.629319354891777,0.6386668
2024-11-04,0.6430108602773796,0.6403004676103592,0.6386186629533768,0.6481470458048643,0.6240681903275693,0.6316379904747009,0.64366066
2024-11-05,0.6734494599619031,0.6418697685003281,0.6386045664548874,0.6481470458048643,0.635839390654121,0.6336698234081268,0.6355666
2024-11-06,0.8100691583240159,0.6434352248907089,0.6412130296230316,0.6481470458048643,0.6548228269314277,0.6384650319814682,0.6529608
2024-11-07,0.6540345947620844,0.6652528196573257,0.6618151962757111,0.6481470458048643,0.6618789858051989,0.6525734663009644,0.68138856
2024-11-08,0.6492605708357878,0.6347035467624664,0.6330205053091049,0.6417815590584481,0.6504459873778031,0.6369076073169708,0.6297339
2024-11-09,0.6321644789197048,0.6406936794519424,0.643382340669632,0.6417815590584481,0.6370033712441396,0.6355279386043549,0.62065315
2024-11-10,0.7609237623406859,0.6462917625904083,0.6451351642608643,0.6417815590584481,0.6309688545256867,0.6331015527248383,0.6134386
2024-11-11,0.8399679249214963,0.6574544459581375,0.6586586087942123,0.6417815590584481,0.6885962189374198,0.6485252231359482,0.6547157
2024-11-12,0.6490697195156786,0.6626642346382141,0.6601104587316513,0.6417815590584481,0.7278264212785703,0.6535495817661285,0.68272775
2024-11-13,0.7202522174306828,0.6337910741567612,0.6326803267002106,0.6417815590584481,0.6667364350060844,0.6360685527324677,0.6340744
2024-11-14,0.6031187066418271,0.6554885059595108,0.6588757336139679,0.6417815590584481,0.6574180347749441,0.6446612775325775,0.6541532
2024-11-15,0.6432136297278398,0.6393206864595413,0.6395643055438995,0.6417815590584481,0.6338434636247218,0.6296858638525009,0.63627803
2024-11-16,0.6384640218209546,0.6396197378635406,0.6434989720582962,0.6417815590584481,0.6085837708781605,0.6354459971189499,0.6057099
2024-11-17,0.6332908628348893,0.6432536095380783,0.6415032744407654,0.6417815590584481,0.6414596707561113,0.6348539590835571,0.62333524
2024-11-18,0.6673295015508801,0.6394175142049789,0.637823760509491,0.6417815590584481,0.6442479859845265,0.634059339761734,0.64303935
2024-11-19,0.6724022648357418,0.6445656418800354,0.6430113613605499,0.6417815590584481,0.6348489974789828,0.6387138962745667,0.63928103
2024-11-20,0.6607817690186001,0.6450268626213074,0.6422979384660721,0.6417815590584481,0.6478206117514406,0.6381300836801529,0.6404935
2024-11-21,0.7296511580079809,0.64127616584301,0.6400908380746841,0.6417815590584481,0.6419906640441343,0.6368928104639053,0.6341401
2024-11-22,0.6543677255534925,0.6540398001670837,0.6524193435907364,0.6417815590584481,0.6682207768019227,0.6456051468849182,0.646541
2024-11-23,0.627348721468966,0.6394137591123581,0.6380041390657425,0.6417815590584481,0.61728668696142,0.6350871026515961,0.6638847
2024-11-24,0.6330691766728103,0.6378345042467117,0.6385209858417511,0.6417815590584481,0.6434192398207208,0.6318729817867279,0.6411144
2024-11-25,0.6469529127439948,0.6437539309263229,0.6425822526216507,0.6417815590584481,0.6599148295035321,0.6329522281885147,0.60327464
2024-11-26,0.5557086917203689,0.6418540179729462,0.6410839706659317,0.6417815590584481,0.6383567973434985,0.6349816024303436,0.6573728
2024-11-27,0.6924289841184509,0.6283657103776932,0.6269214153289795,0.6417815590584481,0.6270609126247322,0.6298128068447113,0.622779
2024-11-28,0.6255104458296642,0.6525946408510208,0.6515230536460876,0.6527668956322068,0.6432469440995324,0.6385832130908966,0.65410393
2024-11-29,0.6846414862979076,0.6372658014297485,0.6338668912649155,0.6527668956322068,0.6406809794327083,0.631114274263382,0.62670755
2024-11-30,0.6153767014582616,0.6436869949102402,0.6437935084104538,0.6527668956322068,0.652285997003847,0.6374690532684326,0.64165986
2024-12-01,0.6491841518820498,0.6382169425487518,0.635285273194313,0.6527668956322068,0.6384129190320937,0.6307428032159805,0.61964154
2024-12-02,0.6465016636145057,0.6422306448221207,0.6420682966709137,0.6527668956322068,0.6512708456146298,0.6329403221607208,0.62674767
2024-12-03,0.6009030148559532,0.6421107798814774,0.6404403150081635,0.6527668956322068,0.6366363087127319,0.6326886415481567,0.6566993
2024-12-04,0.7031786649708396,0.6342651396989822,0.6329079568386078,0.6527668956322068,0.6192501959616781,0.630461722612381,0.6320944
2024-12-05,0.73761246054342,0.651750847697258,0.6506678014993668,0.6527668956322068,0.6879844981251115,0.6408518701791763,0.67639184
2024-12-06,0.6030267182532347,0.6526149064302444,0.6492264419794083,0.6527668956322068,0.6658910071831322,0.6456853747367859,0.6658249
2024-12-07,0.6103412382262291,0.6300639659166336,0.6290319412946701,0.6527668956322068,0.6422311188878131,0.6295756548643112,0.6102542
2024-12-08,0.658196588444518,0.6395123153924942,0.640373095870018,0.6527668956322068,0.6519597456011101,0.6303452402353287,0.62427163
2024-12-09,0.6382198117960683,0.6491981893777847,0.6472812592983246,0.6527668956322068,0.6432291901517334,0.6365272700786591,0.637849
2024-12-10,0.5778539911722559,0.6366874724626541,0.6362891644239426,0.6527668956322068,0.6365168546179577,0.6332425475120544,0.640173
2024-12-11,0.717057849479307,0.6310328990221024,0.62967948615551,0.6527668956322068,0.6277842532916291,0.6290688216686249,0.62319255
2024-12-12,0.6533776079153745,0.6579113900661469,0.6553306877613068,0.6527668956322068,0.6586036482692639,0.6440851241350174,0.6541719
2024-12-13,0.6278246612341518,0.6385937482118607,0.6361341774463654,0.6527668956322068,0.6395157446447932,0.634861409664154,0.63224167
2024-12-14,0.6557998377439265,0.6351712048053741,0.6353374868631363,0.6527668956322068,0.6420035863931062,0.6314227283000946,0.63412267
2024-12-15,0.689819635387162,0.6475075334310532,0.6453722715377808,0.6527668956322068,0.645445469135773,0.6353923976421356,0.6223056
2024-12-16,0.6946206586622318,0.6472561657428741,0.6460801661014557,0.6527668956322068,0.6550610017475715,0.6408173441886902,0.6507827
2024-12-17,0.6503076126401198,0.6440872251987457,0.643249049782753,0.6527668956322068,0.6398756144918366,0.6401219964027405,0.64710367
2024-12-18,0.6058002253306283,0.6407178193330765,0.6390941590070724,0.6439697763839561,0.6382286656383782,0.6333033591508865,0.65231884
2024-12-19,0.5663539219214591,0.6371749490499496,0.6365446001291275,0.6439697763839561,0.6370743456115948,0.629918560385704,0.6227035
2024-12-20,0.5439204689966599,0.6333190053701401,0.6327889114618301,0.6439697763839561,0.6322898593504678,0.6292157620191574,0.6275716
2024-12-21,0.6706896708864453,0.6302565783262253,0.6292280107736588,0.6439697763839561,0.6234944177815845,0.6299437582492828,0.62224424
2024-12-22,0.5951950316654235,0.6484626978635788,0.6463992297649384,0.6439697763839561,0.6367983736300638,0.634789228439331,0.615606
2024-12-23,0.6204558427730785,0.6317971497774124,0.6277307718992233,0.6439697763839561,0.6341911992889929,0.6307933926582336,0.6099681
2024-12-24,0.7047403740167187,0.6362538933753967,0.6351048648357391,0.6439697763839561,0.6394521911733957,0.6311631947755814,0.6176874
2024-12-25,0.6424256250463187,0.6544160395860672,0.6503447592258453,0.6439697763839561,0.677252362791826,0.6405508667230606,0.64988357
2024-12-26,0.649375844897458,0.6360665261745453,0.634366050362587,0.6439697763839561,0.631531841080253,0.6324199736118317,0.60081637
2024-12-27,0.5858619360107579,0.6397247910499573,0.6398393660783768,0.6439697763839561,0.6240552581894636,0.6330260336399078,0.64105433
2024-12-28,0.6024428101183693,0.6363133639097214,0.6340438723564148,0.6439697763839561,0.6313460781822572,0.6305781453847885,0.598602
2024-12-29,0.6331467701859952,0.6367852538824081,0.6367188990116119,0.6439697763839561,0.6323568571021793,0.6307870745658875,0.61997586
2024-12-30,0.6348719504416055,0.6412736922502518,0.6393313556909561,0.6439697763839561,0.6455485883301847,0.6316545009613037,0.6323811
2024-12-31,0.6668799389359766,0.6387643963098526,0.6362365335226059,0.6439697763839561,0.64355455661245,0.632308304309845,0.6236321
2025-01-01,0.6154122520260251,0.6434805542230606,0.6412423402070999,0.6439697763839561,0.6431994396359733,0.6366471648216248,0.6164846
2025-01-02,0.7019185894043757,0.636708527803421,0.6339969336986542,0.6439697763839561,0.6504892662678431,0.630300298333168,0.605825
2025-01-03,0.6667599262434762,0.6502932161092758,0.6494607031345367,0.6439697763839561,0.6311933774280336,0.6417239755392075,0.64252913
2025-01-04,0.6361415207577126,0.6424470096826553,0.6400681287050247,0.6439697763839561,0.642992368721388,0.6365509182214737,0.62861943
2025-01-05,0.642524999253884,0.6373426169157028,0.6370745748281479,0.6439697763839561,0.6646891877918609,0.632407933473587,0.6535271
2025-01-06,0.7171851286848537,0.6434565633535385,0.6422578990459442,0.6439697763839561,0.6443681126202572,0.6332946568727493,0.6187685
2025-01-07,0.6455382457148406,0.6529950797557831,0.6514473706483841,0.6544117790948655,0.658838944821216,0.6446583122014999,0.6465788
2025-01-08,0.5266321001448323,0.6368408799171448,0.6355686485767365,0.6544117790948655,0.6303118830505877,0.6341954171657562,0.6187921
2025-01-09,0.5993643800991251,0.6256477683782578,0.6251458078622818,0.6544117790948655,0.6324196387457336,0.6301397085189819,0.6307144
2025-01-10,0.6500735575148981,0.6423721164464951,0.6419378072023392,0.6544117790948655,0.6188590606221418,0.6310477256774902,0.6356493
2025-01-11,0.6234493213317556,0.6440922170877457,0.6418077945709229,0.6544117790948655,0.6390186832749323,0.6326802372932434,0.6239192
2025-01-12,0.6494283775323968,0.633573517203331,0.6315140575170517,0.6544117790948655,0.6441888223449994,0.6313992440700531,0.62158525
2025-01-13,0.6511330337905974,0.642126053571701,0.6396671384572983,0.6544117790948655,0.6533486249614644,0.6325732320547104,0.6465951
2025-01-14,0.6737010956803904,0.6436945348978043,0.6405034214258194,0.6544117790948655,0.6456806829542995,0.6326381862163544,0.6066438
2025-01-15,0.7115639599044598,0.6434037238359451,0.642401784658432,0.6544117790948655,0.6407625909005512,0.6349178552627563,0.6305078
2025-01-16,0.6426061871273157,0.6494019776582718,0.6476063132286072,0.6544117790948655,0.6556790785110247,0.6409280300140381,0.6542564
2025-01-17,0.7442466033043273,0.6382095813751221,0.6366940438747406,0.6544117790948655,0.6324502682428006,0.6322893500328064,0.6099445
2025-01-18,0.6215672224938993,0.6567257791757584,0.6566705703735352,0.6544117790948655,0.6643499607262815,0.6456878334283829,0.66222775
2025-01-19,0.6683394060326964,0.6360474675893784,0.6346390098333359,0.6544117790948655,0.6358524844576006,0.6312994658946991,0.6168418
2025-01-20,0.6955698959755684,0.6437647193670273,0.6458265334367752,0.6544117790948655,0.6593612533440002,0.6379193514585495,0.617128
2025-01-21,0.603417409688811,0.652130976319313,0.6496065557003021,0.6544117790948655,0.6449144918652605,0.6417520046234131,0.64845794
2025-01-22,0.6234653551056781,0.6323486715555191,0.6319707334041595,0.6544117790948655,0.658480860573789,0.6293469220399857,0.63392603
2025-01-23,0.6511866251605968,0.6393296718597412,0.6400186717510223,0.6544117790948655,0.6408029097547506,0.6314198076725006,0.62237674
2025-01-24,0.6462985669435533,0.6468014717102051,0.6438614279031754,0.6544117790948655,0.6454984561859873,0.6356970369815826,0.621033
2025-01-25,0.6042821480742033,0.6387969404459,0.6377431005239487,0.6544117790948655,0.6486629864455821,0.6341367214918137,0.64518905
2025-01-26,0.6447256658823018,0.6347784548997879,0.6331017464399338,0.6544117790948655,0.6351897147154247,0.6293901652097702,0.64243495
2025-01-27,0.5962148148195836,0.6441770792007446,0.6422346085309982,0.6448152859686479,0.6415103984568371,0.6342455446720123,0.6139026
2025-01-28,0.6513070825620666,0.6346959918737411,0.6325841844081879,0.6448152859686479,0.6158906797875345,0.6295552998781204,0.64156836
2025-01-29,0.6613369742544268,0.6422272473573685,0.6414308845996857,0.6448152859686479,0.647122532061145,0.6340213418006897,0.63105476
2025-01-30,0.6739238806822029,0.6440236419439316,0.6408907026052475,0.6448152859686479,0.6365604069568328,0.6357838064432144,0.65076137
2025-01-31,0.6331198545861486,0.6428404301404953,0.6411351710557938,0.6448152859686479,0.6499111977974887,0.6383795738220215,0.6449077
2025-02-01,0.5752613852547923,0.6385388672351837,0.6367689669132233,0.6448152859686479,0.6405473984272748,0.6320522725582123,0.61397606
2025-02-02,0.6136831250485233,0.6329914629459381,0.6318871974945068,0.6448152859686479,0.6305069840863492,0.6292151212692261,0.6297929
2025-02-03,0.6630967421583891,0.6402257233858109,0.6395410597324371,0.6448152859686479,0.6407769590072131,0.630071371793747,0.6122137
2025-02-04,0.6251000515114397,0.644935354590416,0.6426324397325516,0.6448152859686479,0.6383336493205495,0.63612200319767,0.61796427
2025-02-05,0.5859796266846852,0.6352976709604263,0.6329552084207535,0.6448152859686479,0.6373869006899099,0.6310093551874161,0.62863475
2025-02-06,0.642023098636659,0.6332773864269257,0.6314298659563065,0.6448152859686479,0.6369916323897877,0.6294631212949753,0.620776
2025-02-07,0.661554509349882,0.6450260132551193,0.642884373664856,0.6448152859686479,0.6413129387113325,0.6322052478790283,0.62440276
2025-02-08,0.5712276798052834,0.6427015364170074,0.6405820995569229,0.6448152859686479,0.6376136888289929,0.6347115486860275,0.64147586
2025-02-09,0.6505003561815599,0.6286800056695938,0.6267775297164917,0.6448152859686479,0.6411708928409153,0.6298791021108627,0.60934323
2025-02-10,0.6624216703069439,0.6453886181116104,0.6444075256586075,0.6448152859686479,0.6485920269805093,0.6334107667207718,0.6202169
2025-02-11,0.6442499526260562,0.6449892073869705,0.6417675167322159,0.6448152859686479,0.6345899362591345,0.6352905929088593,0.6444133
2025-02-12,0.6335744662950682,0.6369567364454269,0.6359156370162964,0.6448152859686479,0.6296482113127659,0.6327163875102997,0.61860234
2025-02-13,0.6400013854244458,0.6400575637817383,0.6383305490016937,0.6448152859686479,0.6473920105794776,0.6316235363483429,0.62934655
2025-02-14,0.6559136766432476,0.6424848139286041,0.6405506283044815,0.6448152859686479,0.6455307487269165,0.6322971135377884,0.6388993
2025-02-15,0.6228882042982148,0.6421873867511749,0.6410758346319199,0.6448152859686479,0.6349384975473221,0.633804976940155,0.65759265
2025-02-16,0.6355167966017634,0.6372179090976715,0.6355196684598923,0.6405144771808483,0.6441199039996225,0.6307051330804825,0.6252848
2025-02-17,0.6259479766578104,0.6407335549592972,0.6393880099058151,0.6405144771808483,0.6481152286962352,0.6315725594758987,0.6540394
2025-02-18,0.6335732879042636,0.6397102773189545,0.6376408636569977,0.6405144771808483,0.6473059416126791,0.6309011429548264,0.66100055
2025-02-19,0.6443190884419763,0.6394420564174652,0.6380309611558914,0.6405144771808483,0.6397275549622581,0.6324111819267273,0.6313572
2025-02-20,0.6817671054445497,0.6414037197828293,0.6393810212612152,0.6405144771808483,0.6547148103937427,0.6338742226362228,0.6623141
2025-02-21,0.6562851260608782,0.6462057381868362,0.6440686136484146,0.6405144771808483,0.6453381398259888,0.6404109597206116,0.62517023
2025-02-22,0.5865506402852136,0.6407249420881271,0.6387231647968292,0.6405144771808483,0.6176516582414902,0.6361130625009537,0.6352618
2025-02-23,0.6348359762392795,0.632806807756424,0.6316643208265305,0.6405144771808483,0.6340196052792325,0.6289918124675751,0.6515761
2025-02-24,0.6372030847653457,0.6435361057519913,0.6427901983261108,0.6405144771808483,0.6367120950233219,0.6328529268503189,0.632325
2025-02-25,0.5524073272606814,0.6409963518381119,0.6389497071504593,0.6405144771808483,0.6451071889248363,0.6332461088895798,0.6333694
2025-02-26,0.566578427076614,0.6271643787622452,0.6255478858947754,0.6405144771808483,0.6346843494836379,0.6302283406257629,0.63874483
2025-02-27,0.586571226302971,0.6336141228675842,0.6323214322328568,0.6405144771808483,0.6400839708865715,0.6304529458284378,0.62198573
2025-02-28,0.5930434616075182,0.637192115187645,0.6340416967868805,0.6405144771808483,0.6218431796570497,0.6307644993066788,0.6157634
2025-03-01,0.6771185551887214,0.6332104951143265,0.6307553052902222,0.6405144771808483,0.6064675895482483,0.629932090640068,0.5642463
2025-03-02,0.8374880524162982,0.6460010707378387,0.6429508179426193,0.6405144771808483,0.6456680449857404,0.6381226032972336,0.61657494
2025-03-03,0.6272927599657164,0.6688315570354462,0.663522019982338,0.6405144771808483,0.6610075114940726,0.6542228162288666,0.69388896
2025-03-04,0.5147959531430366,0.6289508789777756,0.6268576681613922,0.6405144771808483,0.6418028064602346,0.6324266791343689,0.6038909
2025-03-05,0.6894223186844569,0.6242783814668655,0.6269297450780869,0.6405144771808483,0.6328776580407997,0.6295275986194611,0.61891705
2025-03-06,0.6820084324133293,0.6638860255479813,0.6628419160842896,0.6405144771808483,0.6614139560651391,0.640190452337265,0.6887402
2025-03-07,0.6041289708812806,0.6402842104434967,0.6414752304553986,0.6405144771808483,0.6340888562096939,0.6393384784460068,0.6384576
2025-03-08,0.538684560125628,0.6290354877710342,0.6287766247987747,0.6372225071213881,0.6423288914202027,0.630454808473587,0.604822
2025-03-09,0.6317673073013601,0.6319607943296432,0.6300319731235504,0.6372225071213881,0.656092417559071,0.6300544142723083,0.61739236
2025-03-10,0.5790597334693061,0.6463227570056915,0.644937127828598,0.6372225071213881,0.6434522503909199,0.6316926181316376,0.6333326
2025-03-11,0.6314026199990566,0.6305871456861496,0.6286200433969498,0.6372225071213881,0.6438401676032205,0.6304648518562317,0.59218395
2025-03-12,0.6603198179856192,0.6380927115678787,0.6368483006954193,0.6372225071213881,0.6501508025921849,0.6318287253379822,0.62131655
2025-03-13,0.6394413146172844,0.6455992311239243,0.6412109285593033,0.6372225071213881,0.6490757282695648,0.6332127749919891,0.61259764
2025-03-14,0.6645964658084381,0.637810155749321,0.6355449259281158,0.6372225071213881,0.6379972758081651,0.6318697780370712,0.63584316
2025-03-15,0.6263021070467628,0.6432704478502274,0.6419436633586884,0.6372225071213881,0.6376788683575,0.6339190453290939,0.62529033
2025-03-16,0.6502007971448746,0.6389986127614975,0.6367758065462112,0.6372225071213881,0.6463726749600416,0.6313474476337433,0.62391645
2025-03-17,0.6328073299647852,0.641771212220192,0.6412784308195114,0.6372225071213881,0.636714804546185,0.6329050660133362,0.65330523
2025-03-18,0.624741075636522,0.6400428712368011,0.6381364017724991,0.6372225071213881,0.6378094226967093,0.631593644618988,0.6417637
2025-03-19,0.7129363341297231,0.6381361335515976,0.6369088590145111,0.6372225071213881,0.6394071422892564,0.630836546421051,0.62284553
2025-03-20,0.650982298388671,0.652612715959549,0.6506803631782532,0.6372225071213881,0.6726949184658191,0.6434595584869385,0.658217
2025-03-21,0.5761602170535811,0.6387750804424286,0.6364206224679947,0.6372225071213881,0.6352732585672414,0.635687068104744,0.6295034
2025-03-22,0.6342157543770718,0.6304976046085358,0.6301987320184708,0.6372225071213881,0.6482553102112828,0.6300322711467743,0.61300856
2025-03-23,0.6796500758121363,0.6457347571849823,0.6445994079113007,0.6372225071213881,0.6460945261481411,0.6326748132705688,0.62999207
2025-03-24,0.7046447521499934,0.6467529982328415,0.6449087709188461,0.6372225071213881,0.6362536079007466,0.6399459540843964,0.6358391
2025-03-25,0.6357450168369532,0.6445303708314896,0.6431200504302979,0.6372225071213881,0.6489432672562866,0.6433602124452591,0.63111895
2025-03-26,0.6349285840486928,0.6378936916589737,0.6355560570955276,0.6372225071213881,0.6377344071001373,0.6326325535774231,0.6255788
2025-03-27,0.6288353495936643,0.6418400853872299,0.6411174684762955,0.6372225071213881,0.6413992994302231,0.6316244900226593,0.632261
2025-03-28,0.6337622071681385,0.6411221474409103,0.6401577740907669,0.6415406474198089,0.6369557311831026,0.6310848891735077,0.63697153
2025-03-29,0.5697312598925944,0.6391557306051254,0.6385204792022705,0.6415406474198089,0.6314503185666159,0.6315765082836151,0.6308873
2025-03-30,0.614389746141184,0.631191149353981,0.6294098347425461,0.6415406474198089,0.6396982388971066,0.6295581459999084,0.59842736
2025-03-31,0.6499866761924677,0.639889657497406,0.6384232491254807,0.6415406474198089,0.6208750859197135,0.6303725689649582,0.6348176
2025-04-01,0.6808350669161867,0.643541693687439,0.6405230164527893,0.6415406474198089,0.6514765400239382,0.6331420987844467,0.6315532
2025-04-02,0.7125734292039232,0.643338605761528,0.6410766392946243,0.6415406474198089,0.6580231210484657,0.6375086307525635,0.6481533
2025-04-03,0.5301290487013163,0.6485502570867538,0.6459250599145889,0.6415406474198089,0.6491276288573586,0.6428082883358002,0.6436089
2025-04-04,0.6603923336243545,0.6251024156808853,0.6230884492397308,0.6415406474198089,0.6309927779298242,0.6303429454565048,0.64634705
2025-04-05,0.6287287400923317,0.6483049243688583,0.6503566950559616,0.6415406474198089,0.6540536067068067,0.6340980231761932,0.6618241
2025-04-06,0.6283289112401887,0.6410337090492249,0.6383287906646729,0.6415406474198089,0.6334118255276057,0.631469339132309,0.64613384
2025-04-07,0.5751686654688026,0.6347088068723679,0.634697288274765,0.6415406474198089,0.6481300871801364,0.6314275860786438,0.6223142
2025-04-08,0.633222183495718,0.6333910077810287,0.6311137080192566,0.6415406474198089,0.6393295549783494,0.6296427249908447,0.6377429
2025-04-09,0.7100707397051371,0.6433332711458206,0.6413771659135818,0.6415406474198089,0.643961865285993,0.6313409209251404,0.6352819
2025-04-10,0.6196962409351913,0.6501439809799194,0.6477144509553909,0.6415406474198089,0.6537658843323862,0.6406274139881134,0.66369665
2025-04-11,0.6796389777291685,0.6329621523618698,0.6304434388875961,0.6415406474198089,0.6230776526873345,0.6311021596193314,0.6416894
2025-04-12,0.680449675440784,0.6466079205274582,0.6464167535305023,0.6415406474198089,0.6417477087284194,0.636154368519783,0.61567783
2025-04-13,0.6447265629875568,0.6484052985906601,0.6454884558916092,0.6415406474198089,0.6432974550991221,0.6367151886224747,0.6321308
2025-04-14,0.6352436986079928,0.6373588144779205,0.6374548673629761,0.6415406474198089,0.6378698689471485,0.6330069303512573,0.61775863
2025-04-15,0.6565184502260615,0.6404684334993362,0.6399061381816864,0.6415406474198089,0.6441522308378141,0.631953164935112,0.6360831
2025-04-16,0.6164652350431462,0.6454492062330246,0.6436910629272461,0.6415406474198089,0.6464288000814635,0.6342880427837372,0.6220333
2025-04-17,0.6413627145986295,0.6361168026924133,0.6350240856409073,0.6392722892145758,0.6509175000964558,0.6302955895662308,0.60884744
2025-04-18,0.6321622763411975,0.6413691490888596,0.6403700262308121,0.6392722892145758,0.6461589485623486,0.6330479234457016,0.637045
2025-04-19,0.6531825494952858,0.6407036930322647,0.6382451951503754,0.6392722892145758,0.6361583758474625,0.6318618059158325,0.6535685
2025-04-20,0.6337166692843338,0.6417619735002518,0.6403575986623764,0.6392722892145758,0.6457008382850432,0.6348866373300552,0.6316182
2025-04-21,0.716847675778964,0.6392919719219208,0.6372003108263016,0.6392722892145758,0.6363000208892808,0.6323531717061996,0.6090706
2025-04-22,0.7639410777353945,0.6522108465433121,0.6505098789930344,0.6392722892145758,0.6571857257596163,0.6452139616012573,0.63732475
2025-04-23,0.6568211079227837,0.6552245765924454,0.6525306701660156,0.6392722892145758,0.6850305298680579,0.6494204103946686,0.6542727
2025-04-24,0.6293170678138468,0.6366961151361465,0.6358480602502823,0.6392722892145758,0.632627367322338,0.6364060342311859,0.6149183
2025-04-25,0.6795088690113856,0.6403027474880219,0.6413955092430115,0.6392722892145758,0.6429418249003268,0.6326025426387787,0.6348201
2025-04-26,0.6295210744136486,0.6520205289125443,0.6510991901159286,0.6392722892145758,0.662195937307119,0.6397208422422409,0.6697394
2025-04-27,0.6419485006529849,0.6363263130187988,0.6364605575799942,0.6392722892145758,0.6390022965621531,0.6328637450933456,0.6388952
2025-04-28,0.6473734114463726,0.6399709433317184,0.6399108618497849,0.6392722892145758,0.6328488154814707,0.6345002353191376,0.6386343
2025-04-29,0.638375745619341,0.6446527987718582,0.6418129205703735,0.6392722892145758,0.6532873444090498,0.6350939273834229,0.6288862
2025-04-30,0.6356709321318369,0.6395082324743271,0.6381759345531464,0.6392722892145758,0.6413789197569396,0.6338643133640289,0.6364643
2025-05-01,0.6884107030156281,0.6397214084863663,0.6383837759494781,0.6392722892145758,0.6452124944151174,0.6330082565546036,0.628199
2025-05-02,0.6508825556710951,0.6486901640892029,0.6465795934200287,0.6392722892145758,0.6369491621071621,0.6407694816589355,0.61658424
2025-05-03,0.620182263995134,0.6397199332714081,0.6378078609704971,0.6392722892145758,0.6375426898826815,0.6348724216222763,0.6478998
2025-05-04,0.6273144412626994,0.6368553340435028,0.6361120492219925,0.6392722892145758,0.6364334511356053,0.6307315826416016,0.6408092
2025-05-05,0.616242746993827,0.6417004615068436,0.6402607262134552,0.6392722892145758,0.6391712029423465,0.6317336857318878,0.65022177
2025-05-06,0.6778212878943777,0.638027235865593,0.636650562286377,0.6392722892145758,0.6578763258831084,0.6308308839797974,0.6368846
2025-05-07,0.6567085992364048,0.6458376795053482,0.6445562690496445,0.6491885813120515,0.6516612985499546,0.6397170126438141,0.61306024
2025-05-08,0.7726442690087172,0.6414068937301636,0.6385388672351837,0.6491885813120515,0.6423651274347923,0.6360205560922623,0.6457427
2025-05-09,0.6474461400664365,0.6589164584875107,0.6573325246572495,0.6491885813120515,0.6891099057380533,0.6503314822912216,0.62310004
2025-05-10,0.6541438486344283,0.6371084302663803,0.6350699365139008,0.6491885813120515,0.6433603608490835,0.6352943927049637,0.625752
2025-05-11,0.6403791551899691,0.6415272504091263,0.6433285474777222,0.6491885813120515,0.6358300323291786,0.6361714899539948,0.6315476
2025-05-12,0.6569390921745423,0.6452091336250305,0.643960639834404,0.6491885813120515,0.6285982245606685,0.6343770623207092,0.6243124
2025-05-13,0.6259528197120617,0.6420537680387497,0.6424691379070282,0.6491885813120515,0.6298739917198787,0.6365961283445358,0.6176362
2025-05-14,0.6269736738461759,0.6374959796667099,0.6364971101284027,0.6491885813120515,0.643256815184828,0.632106751203537,0.62673545
2025-05-15,0.637841775849493,0.6403207033872604,0.6385565996170044,0.6491885813120515,0.6400863250475706,0.6323246359825134,0.6380587
2025-05-16,0.6484743907940467,0.6416156142950058,0.639754518866539,0.6491885813120515,0.642415338503794,0.6344743520021439,0.63961154
2025-05-17,0.6244372177528592,0.6413836032152176,0.6395907253026962,0.6491885813120515,0.6454197023421057,0.6357879340648651,0.6081026
2025-05-18,0.6981940468380546,0.6375720649957657,0.6357159465551376,0.6491885813120515,0.6351733977668504,0.6325367242097855,0.62937415
2025-05-19,0.6500932655570448,0.650134801864624,0.6483446210622787,0.6491885813120515,0.6449958001416689,0.6429373025894165,0.63660526
2025-05-20,0.6455092690228335,0.6397838592529297,0.6374828219413757,0.6491885813120515,0.6480067438071868,0.6354434192180634,0.6610054
2025-05-21,0.7064803304157941,0.6396901458501816,0.6393722295761108,0.6491885813120515,0.6371362126803046,0.6343929022550583,0.63069624
2025-05-22,0.664273499066317,0.6529012322425842,0.6508637964725494,0.6491885813120515,0.6938867372538766,0.6435837894678116,0.6274117
2025-05-23,0.6376489429860184,0.6407819241285324,0.6395828425884247,0.6491885813120515,0.6383559881600697,0.637381300330162,0.62778395
2025-05-24,0.5964891817933569,0.6382943540811539,0.6383553296327591,0.6491885813120515,0.6341325656495255,0.6331863403320312,0.6299127
2025-05-25,0.6381507211837882,0.637664407491684,0.636266902089119,0.6491885813120515,0.6410034588845465,0.628924235701561,0.62745553
2025-05-26,0.6611226957220183,0.6426838040351868,0.6420867592096329,0.6491885813120515,0.6442497146496307,0.632941335439682,0.6242091
2025-05-27,0.647808428644496,0.6431696563959122,0.6412518322467804,0.6462557942410726,0.6363192740435526,0.6368153840303421,0.6351001
2025-05-28,0.6133413555580609,0.6394665688276291,0.6373616009950638,0.6462557942410726,0.6431671612755846,0.6349151432514191,0.59826523
2025-05-29,0.6334041544680771,0.6369114965200424,0.6350282281637192,0.6462557942410726,0.6400641216592053,0.6302339434623718,0.6070686
2025-05-30,0.5902504465177211,0.6419561952352524,0.6404019594192505,0.6462557942410726,0.6450827424688794,0.6316116005182266,0.63010955
2025-05-31,0.6134644450527017,0.6341095417737961,0.6324285268783569,0.6462557942410726,0.6107219053181772,0.6294688284397125,0.58089215
2025-06-01,0.6598685089777065,0.6375608444213867,0.6364807933568954,0.6462557942410726,0.6349709155647782,0.6301826238632202,0.6349466
2025-06-02,0.6423112175374533,0.6451223492622375,0.6422203481197357,0.6462557942410726,0.6501365532687452,0.635474294424057,0.6270876
2025-06-03,0.6576826754050775,0.6385710090398788,0.6360424309968948,0.6462557942410726,0.6411467912655716,0.632890984416008,0.6255458
2025-06-04,0.6248019529406742,0.6419253796339035,0.6403005123138428,0.6462557942410726,0.6359852487307446,0.6355936527252197,0.64027816
2025-06-05,0.6396481439603112,0.6391365230083466,0.6368327289819717,0.6462557942410726,0.6295215507443893,0.6311981230974197,0.6076958
2025-06-06,0.6297597430720103,0.6407559812068939,0.6399539411067963,0.6462557942410726,0.6428743125114574,0.6324935257434845,0.6334587
2025-06-07,0.6526596101973413,0.6396074742078781,0.637887641787529,0.6462557942410726,0.6453838772796154,0.6314976215362549,0.6318232
2025-06-08,0.65118488831013,0.6422181129455566,0.640740379691124,0.6462557942410726,0.641183507571889,0.6341315060853958,0.63693446
2025-06-09,0.7192583367729218,0.6416819244623184,0.6395819634199142,0.6462557942410726,0.64769588318515,0.6338132470846176,0.6128504
2025-06-10,0.6374178457392005,0.6515074968338013,0.6496486514806747,0.6462557942410726,0.6579668471402588,0.645356148481369,0.64687854
2025-06-11,0.6409309881264263,0.6371885985136032,0.6352377980947495,0.6462557942410726,0.6390295288223148,0.6335473656654358,0.62468153
2025-06-12,0.6102203451152584,0.6405524611473083,0.6407916247844696,0.6462557942410726,0.6413941361070372,0.6338630467653275,0.6237206
2025-06-13,0.5902477617091555,0.6394945085048676,0.6379799246788025,0.6462557942410726,0.6332358221665997,0.6302386969327927,0.6529133
2025-06-14,0.6412714805318983,0.6342830508947372,0.633807584643364,0.6462557942410726,0.5975857694588009,0.6289432644844055,0.5510525
2025-06-15,0.6399335095274619,0.6425266563892365,0.641121432185173,0.6462557942410726,0.6431307006701932,0.6343226581811905,0.6484775
2025-06-16,0.6945508270981787,0.6404159665107727,0.6373373121023178,0.6430189418022229,0.6413950076611725,0.6340599954128265,0.5842038
2025-06-17,0.6183376864344037,0.6465853005647659,0.6446988582611084,0.6430189418022229,0.6444030991824687,0.641900047659874,0.6322409
2025-06-18,0.5982969815680913,0.6361046582460403,0.6333716958761215,0.6430189418022229,0.6336033818599645,0.6308896690607071,0.64909637
2025-06-19,0.6342810624217675,0.6353380680084229,0.6349381804466248,0.6430189418022229,0.6354860677078957,0.629662036895752,0.61080736
2025-06-20,0.6663250970421561,0.6436193138360977,0.6420606523752213,0.6430189418022229,0.6156905362492285,0.6322913020849228,0.6211364
2025-06-21,0.5906707382705588,0.6434784233570099,0.6418066918849945,0.6430189418022229,0.6524947997423789,0.6366752684116364,0.61957663
2025-06-22,0.6274441249491315,0.6313118040561676,0.6293146759271622,0.6430189418022229,0.6392717247051479,0.6297714561223984,0.59915787
2025-06-23,0.6961265783998896,0.6411399692296982,0.6398534923791885,0.6430189418022229,0.6533563893273541,0.6315215528011322,0.64676696
2025-06-24,0.644794441819826,0.6513424664735794,0.6483161449432373,0.6430189418022229,0.6509231528514225,0.641793817281723,0.6429487
2025-06-25,0.6769969331782851,0.6363946050405502,0.6347624659538269,0.6430189418022229,0.6376846028998934,0.6333800107240677,0.60453165
2025-06-26,0.6435058965818934,0.6447046846151352,0.6440781354904175,0.6430189418022229,0.6503154833201685,0.6381895393133163,0.63151765
2025-06-27,0.6305243398911615,0.6426733583211899,0.640191525220871,0.6430189418022229,0.6535208954711083,0.6333597898483276,0.64957833
2025-06-28,0.6368756871132408,0.6382617205381393,0.6382175981998444,0.6430189418022229,0.6355910011145431,0.6317266523838043,0.6376249
2025-06-29,0.6594225879702932,0.6414196491241455,0.6403034925460815,0.6430189418022229,0.6411827531298373,0.6321985721588135,0.63080055
2025-06-30,0.6461027493311875,0.6439007073640823,0.642146646976471,0.6430189418022229,0.6415874521670686,0.63502237200737,0.627525
2025-07-01,0.6166998987777772,0.6399572491645813,0.6382766664028168,0.6430189418022229,0.6411567012492098,0.6331329643726349,0.62169397
2025-07-02,0.6834898002775456,0.6372359246015549,0.6356142908334732,0.6430189418022229,0.6472812893412069,0.6303400993347168,0.621567
2025-07-03,0.6556350840136818,0.6489984393119812,0.6474101543426514,0.6430189418022229,0.6563537589004722,0.6404839009046555,0.65149385
2025-07-04,0.6258490036656145,0.6409149020910263,0.6388399004936218,0.6430189418022229,0.6345518141223438,0.6358942836523056,0.6431195
2025-07-05,0.6145455303498956,0.6365763694047928,0.6358650922775269,0.6430189418022229,0.6395049665306244,0.6314133107662201,0.6228247
2025-07-06,0.6667728066031668,0.6395717412233353,0.6380169540643692,0.6398033925575809,0.6395822875520789,0.6303072720766068,0.63546246
2025-07-07,0.6404455349646406,0.6462736874818802,0.6448204964399338,0.6398033925575809,0.65734624709756,0.6380453556776047,0.6423021
2025-07-08,0.6310748070986525,0.6384136825799942,0.6366308927536011,0.6398033925575809,0.6355370554042981,0.6330993175506592,0.6296498
2025-07-09,0.6924775826249031,0.6384465098381042,0.6370779573917389,0.6398033925575809,0.6278041171517896,0.6317847669124603,0.62966686
2025-07-10,0.7266655639674923,0.6504976600408554,0.6482051014900208,0.6398033925575809,0.6513480515796889,0.6413163542747498,0.6436358
2025-07-11,0.6808203347645077,0.6503117084503174,0.6482913643121719,0.6398033925575809,0.6546556962712303,0.6460749804973602,0.6328976
2025-07-12,0.6296113903510159,0.641172006726265,0.6401781886816025,0.6398033925575809,0.6255956423530765,0.6395558416843414,0.6506579
2025-07-13,0.6625152885178369,0.6392930597066879,0.6388538032770157,0.6398033925575809,0.6651817638422803,0.6320351660251617,0.6480444
2025-07-14,0.7037270974881005,0.6474339514970779,0.6470312625169754,0.6398033925575809,0.631422628591202,0.6367868185043335,0.62257224
2025-07-15,0.5864794353241503,0.6490984112024307,0.6483715325593948,0.6398033925575809,0.6573881709190852,0.6426260471343994,0.6260215
2025-07-16,0.6431203490184029,0.6302215307950974,0.6291395127773285,0.6398033925575809,0.6386448010771054,0.6284064948558807,0.60960215
2025-07-17,0.6570765252491914,0.643836110830307,0.6441078037023544,0.6398033925575809,0.6445695530049658,0.6338256895542145,0.62392247
2025-07-18,0.6382965581971081,0.6464772075414658,0.6435215026140213,0.6398033925575809,0.6445141114432943,0.6359121054410934,0.5998315
2025-07-19,0.6004434335527671,0.6368112415075302,0.6361189931631088,0.6398033925575809,0.6386290024686252,0.6325891017913818,0.64068073
2025-07-20,0.6465607457774766,0.6351911425590515,0.6337127834558487,0.6398033925575809,0.6272387015332069,0.6289886832237244,0.6393696
2025-07-21,0.6550095095781043,0.6450579464435577,0.6430038064718246,0.6398033925575809,0.646711947094802,0.6331829726696014,0.6173864
2025-07-22,0.6512950019721682,0.6419569998979568,0.6400095224380493,0.6398033925575809,0.6331137980940705,0.6340695172548294,0.63753814
2025-07-23,0.6381255495991419,0.6397996097803116,0.6382299959659576,0.6398033925575809,0.6445715996767576,0.6334680765867233,0.64024174
2025-07-24,0.630757226912304,0.6404910832643509,0.638497918844223,0.6398033925575809,0.6519757164708316,0.6320614516735077,0.6245026
2025-07-25,0.6224107897420437,0.6401730477809906,0.6385964900255203,0.6398033925575809,0.6428501611960408,0.631355419754982,0.64362293
2025-07-26,0.6381787320070745,0.6384897232055664,0.6372553110122681,0.6408621879152777,0.631420788549791,0.6304993331432343,0.5824758
2025-07-27,0.6668707844014027,0.6409162431955338,0.6393648386001587,0.6408621879152777,0.642959378426308,0.632248044013977,0.6362121
2025-07-28,0.6409266487102941,0.644327312707901,0.6422188878059387,0.6408621879152777,0.6494128774701778,0.6367719173431396,0.62271094
2025-07-29,0.6312937276106529,0.6390686482191086,0.6369773894548416,0.6408621879152777,0.6414371499703772,0.6328463554382324,0.61837333
2025-07-30,0.6321802895899962,0.6392388939857483,0.6378926485776901,0.6408621879152777,0.6421255235134175,0.632238581776619,0.646074
2025-07-31,0.6433061767818815,0.6410674154758453,0.6393686085939407,0.6408621879152777,0.6361647094058468,0.6321923583745956,0.64689195
2025-08-01,0.5899070200092202,0.6411304175853729,0.6397466361522675,0.6408621879152777,0.6351175135837641,0.6339298188686371,0.63821554
2025-08-02,0.6037460442550663,0.6332257390022278,0.6314913481473923,0.6408621879152777,0.6303507181780107,0.6291178613901138,0.6315518
2025-08-03,0.6541368025116745,0.637347549200058,0.636026918888092,0.6408621879152777,0.6408649267738282,0.6296047568321228,0.6257241
2025-08-04,0.6586929479724962,0.6449532210826874,0.642355278134346,0.6408621879152777,0.6439806002652076,0.6353369951248169,0.61360216
2025-08-05,0.6297532190609905,0.6407447010278702,0.6383859366178513,0.6408621879152777,0.6321566276494558,0.6365549117326736,0.6203002
2025-08-06,0.6521048275283309,0.6371540576219559,0.6351677626371384,0.6408621879152777,0.6427681288443637,0.6320039927959442,0.627668
2025-08-07,0.6756352144567392,0.643973782658577,0.642064094543457,0.6408621879152777,0.6460465778514141,0.6342941671609879,0.6325004
2025-08-08,0.6410720910103525,0.6457301527261734,0.6439573764801025,0.6408621879152777,0.6488064314815734,0.6378611624240875,0.6354527
2025-08-09,0.6447168619886419,0.6381512731313705,0.6369479298591614,0.6408621879152777,0.6215226650499847,0.632735937833786,0.6338182
2025-08-10,0.6658107097732466,0.6414541453123093,0.6404450833797455,0.6408621879152777,0.6484307505679444,0.6330442577600479,0.63393664
2025-08-11,0.6928415172214973,0.645822748541832,0.6439462602138519,0.6408621879152777,0.6440670284438867,0.6363343298435211,0.607849
2025-08-12,0.6060187953143802,0.6464119851589203,0.6451410949230194,0.6408621879152777,0.6656731651120529,0.6410574018955231,0.65176505
2025-08-13,0.6988572341867061,0.6338067799806595,0.6323669701814651,0.6408621879152777,0.6316605161104233,0.6294462084770203,0.6263789
2025-08-14,0.6539239765142685,0.6517921537160873,0.6514477282762527,0.6408621879152777,0.6619584322973218,0.6423949897289276,0.6613435
2025-08-15,0.5528287606897232,0.6419220119714737,0.6396941691637039,0.6439199774984619,0.635858691959816,0.6356843709945679,0.6259059
2025-08-16,0.6172800596165486,0.6268939822912216,0.6267081201076508,0.6439199774984619,0.6541313849361624,0.6298990100622177,0.62203854
2025-08-17,0.6514659247766028,0.6428184807300568,0.6424674540758133,0.6439199774984619,0.6497508623572157,0.6308634728193283,0.62864417
2025-08-18,0.6234546371658253,0.6447062939405441,0.6418775469064713,0.6439199774984619,0.6476553040447347,0.6329365670681,0.6304407
2025-08-19,0.6256754177008336,0.6340930461883545,0.6325215548276901,0.6439199774984619,0.6362033821159329,0.6309437155723572,0.63818926
2025-08-20,0.6021547459651234,0.6391081362962723,0.6369466185569763,0.6439199774984619,0.6465020338026487,0.6308990567922592,0.61560845
2025-08-21,0.644080650669284,0.6375358998775482,0.6348862797021866,0.6439199774984619,0.6405987813841032,0.6304962337017059,0.60038203
2025-08-22,0.6872840856997211,0.6415871828794479,0.6404784023761749,0.6439199774984619,0.6283884894049616,0.6322243213653564,0.63445544
2025-08-23,0.6340446645823387,0.6467432081699371,0.644200325012207,0.6439199774984619,0.6320887802074445,0.6383289992809296,0.6190348
2025-08-24,0.6159935824832526,0.6366197019815445,0.634393572807312,0.6439199774984619,0.6443498231044117,0.6317889243364334,0.60931486
2025-08-25,0.6047428657384347,0.6374733000993729,0.6365329623222351,0.6439199774984619,0.640326272293377,0.6310184150934219,0.6183451
2025-08-26,0.6178697458424601,0.6388180255889893,0.6371114701032639,0.6439199774984619,0.6382324625000592,0.6298137307167053,0.6410829
2025-08-27,0.644991396053607,0.6381740570068359,0.6371263116598129,0.6439199774984619,0.6433739048717241,0.6307831257581711,0.63025844
2025-08-28,0.6562371287036325,0.6412129551172256,0.6392178386449814,0.6439199774984619,0.6458061874680685,0.6338614225387573,0.63968027
2025-08-29,0.625462893013555,0.6420549750328064,0.6393376290798187,0.6439199774984619,0.6482099089312395,0.6351598054170609,0.64607877
2025-08-30,0.5711200005247905,0.6374206095933914,0.6352346986532211,0.6439199774984619,0.6511960675729397,0.6313376724720001,0.6096218
2025-08-31,0.6516192422256778,0.632149413228035,0.6305662244558334,0.6439199774984619,0.6346016277207548,0.6303237527608871,0.62141734
2025-09-01,0.6484791978656739,0.6458756327629089,0.6446674764156342,0.6439199774984619,0.6461472394041959,0.6345802247524261,0.6203277
2025-09-02,0.675941037049292,0.6406913548707962,0.6380901038646698,0.6439199774984619,0.6380296239596198,0.6341767907142639,0.6539969
2025-09-03,0.6567572679750511,0.6424662619829178,0.6409957855939865,0.6439199774984619,0.6401183559204131,0.6387675553560257,0.6276528
2025-09-04,0.6335547650846239,0.6426747441291809,0.6399463564157486,0.6448563714040967,0.6403789080299713,0.6355595588684082,0.6344056
2025-09-05,0.6621833129181524,0.639390841126442,0.6381953358650208,0.6448563714040967,0.6308438935472198,0.6313853561878204,0.63258094
2025-09-06,0.6020385342051313,0.6446623057126999,0.6438600867986679,0.6448563714040967,0.6474508562594172,0.6348793506622314,0.6420807
2025-09-07,0.6467908949201377,0.635011300444603,0.6334833651781082,0.6448563714040967,0.6337640719384953,0.6301870942115784,0.64492863
2025-09-08,0.6646944712429735,0.6422675400972366,0.6418657451868057,0.6448563714040967,0.6456085937254918,0.6328414380550385,0.6252848
2025-09-09,0.6474494221470687,0.6453645378351212,0.6425478011369705,0.6448563714040967,0.645799815432176,0.6350289732217789,0.6211961
2025-09-10,0.6601734651285526,0.6390116065740585,0.6374770253896713,0.6448563714040967,0.636549493802585,0.6346006393432617,0.6600838
2025-09-11,0.6635784517664952,0.6432567983865738,0.6418087482452393,0.6448563714040967,0.6469787387397313,0.6359733045101166,0.62000245
2025-09-12,0.6633261382085736,0.6445402204990387,0.6425061225891113,0.6448563714040967,0.6405145846687746,0.6366182118654251,0.611763
2025-09-13,0.6330448454175154,0.642373189330101,0.6414423435926437,0.6448563714040967,0.6413972600351506,0.6356952786445618,0.6311316
2025-09-14,0.638095995096322,0.6391053944826126,0.637869194149971,0.6448563714040967,0.645726330860616,0.6315553486347198,0.6385799
2025-09-15,0.6510337364747912,0.6414100080728531,0.6403626799583435,0.6448563714040967,0.6420731904921905,0.6321090161800385,0.6460331
2025-09-16,0.6454634790506478,0.6429829299449921,0.6414504051208496,0.6448563714040967,0.6444504976493165,0.6339372545480728,0.62499464
2025-09-17,0.6466302761197198,0.6404063403606415,0.6388876140117645,0.6448563714040967,0.6519582550869338,0.6340384483337402,0.6191042
2025-09-18,0.6512326721357801,0.6412010043859482,0.6396156400442123,0.6448563714040967,0.6507899479027506,0.6342831999063492,0.62745976
2025-09-19,0.6331690853111945,0.6426233947277069,0.6407536566257477,0.6448563714040967,0.6463002541853837,0.635105311870575,0.63824743
2025-09-20,0.6177646962945231,0.6392125338315964,0.6377203613519669,0.6448563714040967,0.6347496124491271,0.6318863332271576,0.6592772
2025-09-21,0.6356208563758664,0.6378175169229507,0.6365436017513275,0.6448563714040967,0.6331061517868625,0.630283921957016,0.62673235
2025-09-22,0.6323511732812829,0.6414334028959274,0.6398183107376099,0.6448563714040967,0.6445931538700609,0.6325880289077759,0.6327235
2025-09-23,0.6027991091583337,0.6395048648118973,0.6375560760498047,0.6448563714040967,0.6424874551023637,0.6322795301675797,0.6471753
2025-09-24,0.6525360092878697,0.6350018233060837,0.6332338601350784,0.6378429516409504,0.6345176582532812,0.6291996836662292,0.6592589
2025-09-25,0.632661397563295,0.644184485077858,0.6423581540584564,0.6378429516409504,0.6516992031396633,0.6357445418834686,0.61410373
2025-09-26,0.5813505474672295,0.6391331404447556,0.636549711227417,0.6378429516409504,0.6439901905129435,0.6324607282876968,0.6220839
2025-09-27,0.6298091959092168,0.6314684301614761,0.6300154030323029,0.6378429516409504,0.6202061553789475,0.6299780905246735,0.62260944
2025-09-28,0.6897988312483982,0.6423423737287521,0.6407338082790375,0.6378429516409504,0.6540774186293373,0.6317777186632156,0.65901923
2025-09-29,0.6795769989022052,0.6485864967107773,0.6457489132881165,0.6378429516409504,0.6508440107468939,0.6416359692811966,0.6286039
2025-09-30,0.6474818819901472,0.6411702632904053,0.6391882598400116,0.6378429516409504,0.6563377073205715,0.6391053050756454,0.67214954
2025-10-01,0.7092200592188124,0.6397987455129623,0.6381503492593765,0.6378429516409504,0.6497447551137707,0.6340052038431168,0.6423862
2025-10-02,0.6834230855688864,0.653081014752388,0.6514395922422409,0.6378429516409504,0.6542549034131198,0.6434620320796967,0.6570268
2025-10-03,0.6896942206144343,0.6439156979322433,0.6429581344127655,0.6378429516409504,0.631423367389467,0.6386219263076782,0.6227181
2025-10-04,0.622412301814212,0.6446114927530289,0.644804984331131,0.6378429516409504,0.6642797748427162,0.6392721831798553,0.6510896
2025-10-05,0.6863867345915995,0.6387729942798615,0.6375924944877625,0.6378429516409504,0.6405511037425218,0.6304138898849487,0.6387474
2025-10-06,0.6514776856443458,0.6493464559316635,0.6493840366601944,0.6378429516409504,0.6400061948345317,0.638691172003746,0.63648885
2025-10-07,0.6239643628584596,0.6413501352071762,0.6398898810148239,0.6378429516409504,0.6404512025702367,0.6349347233772278,0.6258893
2025-10-08,0.6237783947872564,0.636794313788414,0.6364276260137558,0.6378429516409504,0.639627687534877,0.6311176419258118,0.616272
2025-10-09,0.6336293095176746,0.6408918797969818,0.6394595503807068,0.6378429516409504,0.6409821229375711,0.6312251836061478,0.60852885
2025-10-10,0.619946014817494,0.6412064284086227,0.6395098268985748,0.6378429516409504,0.6420224214767407,0.6325816959142685,0.61920846
2025-10-11,0.4796498290083868,0.636973425745964,0.6355036199092865,0.6378429516409504,0.6455940580696103,0.6304673999547958,0.61907107
2025-10-12,0.6842381546349804,0.6209764778614044,0.618656188249588,0.6378429516409504,0.6537794571763512,0.6303329765796661,0.59955853
2025-10-13,0.6447438580283256,0.6542940884828568,0.6541124135255814,0.6378429516409504,0.6572411668331896,0.6347631812095642,0.64380103
2025-10-14,0.6314932818480372,0.6389552503824234,0.6348941624164581,0.6423977045789266,0.6321081816077867,0.6325854659080505,0.60305667
2025-10-15,0.6064906186100186,0.6334353685379028,0.6326134353876114,0.6423977045789266,0.6481004127205651,0.632284626364708,0.6294091
2025-10-16,0.6105754021302929,0.6391341090202332,0.6365228891372681,0.6423977045789266,0.6338467766832688,0.6318983882665634,0.6415087
2025-10-17,0.5887116145398464,0.6387328803539276,0.6373003423213959,0.6423977045789266,0.6313001186109444,0.6319062411785126,0.5867564
2025-10-18,0.6071459647960276,0.6331814974546432,0.6320956945419312,0.6423977045789266,0.6409428144023356,0.6315724104642868,0.6236068
2025-10-19,0.679407167791282,0.6373026520013809,0.6352283805608749,0.6423977045789266,0.6245893917751968,0.6318321526050568,0.635506
2025-10-20,0.6829123284170598,0.6474044173955917,0.6444719284772873,0.6423977045789266,0.6479809234162273,0.6345817595720291,0.6322575
2025-10-21,0.6832461670607,0.6433182209730148,0.6403034627437592,0.6423977045789266,0.6435173414695504,0.6351646482944489,0.6362927
2025-10-22,0.5492413115129291,0.6435102224349976,0.6417874842882156,0.6423977045789266,0.6427062656333655,0.6395675837993622,0.6163624
2025-10-23,0.682141419260877,0.6288743317127228,0.6272534281015396,0.6423977045789266,0.6495284700875824,0.6302948147058487,0.6235169
2025-10-24,0.651247264081725,0.6517441719770432,0.652625784277916,0.6423977045789266,0.6498115143213825,0.637845516204834,0.6665379
2025-10-25,0.6428209476657601,0.6413355022668839,0.639031246304512,0.6423977045789266,0.6435763223574177,0.6340077668428421,0.63745713
2025-10-26,0.7019098143673618,0.6365688294172287,0.6363322585821152,0.6423977045789266,0.6355796377266312,0.6327595114707947,0.63541055
2025-10-27,0.6591604689249337,0.6522441059350967,0.6497704535722733,0.6423977045789266,0.6432686355080178,0.6416875869035721,0.65164083
2025-10-28,0.6373517522070694,0.6414382308721542,0.6395033150911331,0.6423977045789266,0.6374168202057129,0.6336272656917572,0.61506
2025-10-29,0.59645006945379,0.6379404217004776,0.6382303237915039,0.6423977045789266,0.6425463848587637,0.6312368959188461,0.6426109
2025-10-30,0.6031142968935689,0.6373736411333084,0.6359452456235886,0.6423977045789266,0.6382764016752771,0.6302647888660431,0.63199764
2025-10-31,0.6299366141833556,0.6375599354505539,0.6368746012449265,0.6423977045789266,0.6195159481651337,0.6304457485675812,0.6326726
2025-11-01,0.6322208382624864,0.6403007358312607,0.6386176198720932,0.6423977045789266,0.6451570211903741,0.6311966180801392,0.6372386
2025-11-02,0.6520388559974293,0.6388763189315796,0.6363218873739243,0.6423977045789266,0.6346396718845995,0.63278628885746,0.64578986
2025-11-03,0.6332620890560445,0.6416998356580734,0.6393491625785828,0.6449820679084585,0.6500312309344409,0.6356566548347473,0.6436209
2025-11-04,0.573637614281162,0.6394291669130325,0.63687364757061,0.6449820679084585,0.6426078920904853,0.6316584199666977,0.626296
2025-11-05,0.5868814441416532,0.6316006779670715,0.630050927400589,0.6449820679084585,0.622229290901864,0.6294144690036774,0.61092174
2025-11-06,0.6330810261666308,0.6359981745481491,0.6348721832036972,0.6449820679084585,0.6237883305450644,0.6298036426305771,0.6097972
2025-11-07,0.6389552238030194,0.6420062631368637,0.6396150887012482,0.6449820679084585,0.631133211306565,0.6320669949054718,0.6220795
2025-11-08,0.627141075669689,0.6383955627679825,0.6358423382043839,0.6449820679084585,0.6416037992219393,0.6328167021274567,0.62023956
2025-11-09,0.6818576686440234,0.6373995542526245,0.6348713338375092,0.6449820679084585,0.6388282982140024,0.6315084844827652,0.6106847
2025-11-10,0.6634940378679833,0.6479764878749847,0.645416721701622,0.6449820679084585,0.6479717969035438,0.6384224146604538,0.6403017
2025-11-11,0.6577489751084716,0.641884371638298,0.639731228351593,0.6449820679084585,0.6401712135514549,0.6354380697011948,0.6297288
2025-11-12,0.5989102245932827,0.6408457309007645,0.6400981396436691,0.6449820679084585,0.6231451190269124,0.6345189213752747,0.64260495
2025-11-13,0.6150138540661212,0.6358651220798492,0.6344030201435089,0.6449820679084585,0.6412278314260361,0.6302580386400223,0.6097851
2025-11-14,0.5545410050765637,0.6392876952886581,0.6387586444616318,0.6449820679084585,0.6376070446852361,0.6305742561817169,0.6274108
2025-11-15,0.575320569260498,0.6305123865604401,0.6287472099065781,0.6449820679084585,0.623162763130022,0.6291158497333527,0.6005851
2025-11-16,0.6372949872516144,0.6333974301815033,0.6321553587913513,0.6449820679084585,0.619625886534309,0.6306230425834656,0.6294936
2025-11-17,0.6270240692425201,0.6429593414068222,0.6396970748901367,0.6449820679084585,0.6400041924219309,0.6317379921674728,0.62297213
2025-11-18,0.5926584081124948,0.6366720497608185,0.6332876682281494,0.6449820679084585,0.6518110230198543,0.6313032060861588,0.62222284
2025-11-19,0.6229367197888466,0.6326211839914322,0.6302169263362885,0.6449820679084585,0.632041355845552,0.630625993013382,0.63120574
2025-11-20,0.6426297610226728,0.6410260498523712,0.638571709394455,0.6449820679084585,0.5787191818570734,0.6311224550008774,0.6050583
2025-11-21,0.5098217308359325,0.6413400918245316,0.6390277296304703,0.6449820679084585,0.6309742820819253,0.6322781145572662,0.631839
2025-11-22,0.5953766510838298,0.6224314719438553,0.6201139390468597,0.6449820679084585,0.6166573966187325,0.629897341132164,0.583647
2025-11-23,0.70202668063673,0.6382192522287369,0.6379588842391968,0.6390869262958291,0.6224416505109854,0.6308691203594208,0.658928
2025-11-24,0.6684403085687105,0.653753936290741,0.6492152810096741,0.6390869262958291,0.676552941087908,0.6414310336112976,0.65470546
2025-11-25,0.6232025938338975,0.636700913310051,0.6342315375804901,0.6390869262958291,0.6311855441408546,0.6345610320568085,0.61111116
2025-11-26,0.6905205090496536,0.6355374604463577,0.6340817660093307,0.6390869262958291,0.6272543524926014,0.6318422853946686,0.61234707
2025-11-27,0.6710575931910846,0.6532599180936813,0.6508120745420456,0.6390869262958291,0.641609475026832,0.6373026371002197,0.6430463
2025-11-28,0.6651205236585026,0.6422336548566818,0.6415595710277557,0.6390869262958291,0.6361979784410208,0.6345025599002838,0.6363839
2025-11-29,0.6003508532528609,0.6406277418136597,0.6406761407852173,0.6390869262958291,0.6492669695825941,0.6337155997753143,0.6328267
2025-11-30,0.6586250139381011,0.6364884525537491,0.6348986327648163,0.6390869262958291,0.6356422594062408,0.6311222016811371,0.615933
2025-12-01,0.6048792673759185,0.6461055278778076,0.6455995142459869,0.6390869262958291,0.6363924008420453,0.6329591870307922,0.62689507
2025-12-02,0.6848152392114065,0.6355102509260178,0.6337535381317139,0.6390869262958291,0.6251282448210267,0.629582405090332,0.70683354
2025-12-03,0.6800346195120869,0.6468101888895035,0.6462250351905823,0.6390869262958291,0.6361145923004647,0.6396579444408417,0.63714933
2025-12-04,0.6403518446616395,0.6457107067108154,0.6424117088317871,0.6390869262958291,0.6403359571040115,0.6388928890228271,0.6134331
2025-12-05,0.610908476420736,0.6376409083604813,0.6364968717098236,0.6390869262958291,0.6224712292149677,0.6328928470611572,0.6375257
2025-12-06,0.585127833577108,0.6377730816602707,0.6369347125291824,0.6390869262958291,0.6294807043440563,0.629662036895752,0.61435366
2025-12-07,0.6747464641484341,0.6358826011419296,0.6346736550331116,0.6390869262958291,0.6366039592490335,0.629269540309906,0.6288454
2025-12-08,0.6528277465312401,0.6473503857851028,0.6464758962392807,0.6390869262958291,0.6398987430959227,0.6380771994590759,0.6320157
2025-12-09,0.6931590242537689,0.6400312632322311,0.6371228247880936,0.6390869262958291,0.6338391709265291,0.6344343274831772,0.654079
2025-12-10,0.6380984597432453,0.6456681191921234,0.6442286521196365,0.6390869262958291,0.656936404135106,0.6408800482749939,0.63774735
2025-12-11,0.6203038692127508,0.6401505619287491,0.6375814825296402,0.6390869262958291,0.6345846632115729,0.6327677518129349,0.66811085
2025-12-12,0.6227325104608451,0.637933686375618,0.6376835405826569,0.6390869262958291,0.6159630699874001,0.6303535997867584,0.665853
2025-12-13,0.5929019274259598,0.6403200179338455,0.6393678486347198,0.6407272158443087,0.6239735215008523,0.6307000666856766,0.6462331
2025-12-14,0.6373989129202544,0.6347261071205139,0.6333051770925522,0.6407272158443087,0.628767155907786,0.6298359334468842,0.6284551
2025-12-15,0.6289253874388492,0.641133189201355,0.6398362517356873,0.6407272158443087,0.6303406586588692,0.6323532462120056,0.6271334
2025-12-16,0.5982255328628975,0.639464259147644,0.6363623738288879,0.6407272158443087,0.6446702127757039,0.6313962042331696,0.62893766
2025-12-17,0.689999987912367,0.6338277757167816,0.6318870037794113,0.6407272158443087,0.6409591076282961,0.629826009273529,0.6196408
2025-12-18,0.6210024790718366,0.6502328664064407,0.6481793224811554,0.6407272158443087,0.6503527205625521,0.6413436979055405,0.65142995
2025-12-19,0.6391307231086301,0.6358634382486343,0.6331271827220917,0.6407272158443087,0.6373317414651627,0.6312480121850967,0.6391942
2025-12-20,0.6210322338916668,0.6388466358184814,0.6387137472629547,0.6407272158443087,0.6287153257423045,0.6329224407672882,0.6235663
2025-12-21,0.6533706022869726,0.6406819522380829,0.6381155699491501,0.6407272158443087,0.6350896035195386,0.6311003714799881,0.6577066
2025-12-22,0.6752282292549973,0.6423325687646866,0.6413618922233582,0.6407272158443087,0.6343545457852896,0.6348699480295181,0.66007745
2025-12-23,0.6034295743288121,0.6444719880819321,0.6425649374723434,0.6407272158443087,0.6468011365465683,0.6382196396589279,0.62336475
2025-12-24,0.6185646881526035,0.6340583264827728,0.632004126906395,0.6407272158443087,0.6384522131535646,0.6298876702785492,0.6378594
2025-12-25,0.653782136830094,0.6391505151987076,0.6385647654533386,0.6407272158443087,0.6438815480953587,0.6305324733257294,0.63518405
2025-12-26,0.6633832352863539,0.6454298943281174,0.6431195884943008,0.6407272158443087,0.6459279323899618,0.6346554905176163,0.6135047
2025-12-27,0.6034397472886024,0.6413265317678452,0.63981993496418,0.6407272158443087,0.6247604017391511,0.6366931349039078,0.6440728
2025-12-28,0.6435223496771605,0.6339261382818222,0.6320672929286957,0.6407272158443087,0.6445450532015358,0.6295564621686935,0.6307625
2025-12-29,0.6951561604938549,0.643778383731842,0.6423421204090118,0.6407272158443087,0.6501681686801899,0.6336197853088379,0.60391134
2025-12-30,0.6175127652288944,0.6495037078857422,0.6471519768238068,0.6407272158443087,0.6386034074617026,0.6413874328136444,0.643858
